id,curve_id,curve_name,curve_components,quote_type,bootstrap_algorithm,bootstrap_short_term_tenor_limit,bootstrap_medium_term_tenor_limit,funding_spread,interpolation_algorithm,extrapolation_algorithm,currency,day_count,compounding_frequency_st_tenor,compounding_frequency_after_st_tenor,compounding_frequency_output,configuration_date,created_by,modified_by,created_date,modified_date,active_from,active_to,is_active_flag,entity_name
220,ParYield_Curve_001,Par Yield Semi-Annual - Suryoday,"{""205"":"""",""206"":"""",""207"":"""",""208"":"""",""209"":"""",""210"":"""",""211"":"""",""212"":"""",""213"":"""",""214"":"""",""215"":"""",""216"":"""",""217"":"""",""218"":"""",""219"":"""",""220"":"""",""221"":"""",""222"":"""",""223"":"""",""224"":"""",""225"":"""",""226"":"""",""227"":"""",""228"":"""",""229"":"""",""230"":"""",""231"":"""",""232"":"""",""233"":"""",""234"":"""",""235"":"""",""236"":"""",""237"":"""",""238"":"""",""239"":"""",""240"":"""",""241"":"""",""242"":"""",""243"":"""",""244"":"""",""245"":"""",""246"":"""",""247"":"""",""248"":"""",""249"":"""",""250"":"""",""251"":"""",""252"":"""",""253"":"""",""254"":"""",""255"":"""",""256"":"""",""257"":"""",""258"":"""",""259"":"""",""260"":"""",""261"":"""",""262"":"""",""263"":"""",""264"":"""",""265"":"""",""266"":"""",""267"":"""",""268"":"""",""269"":"""",""270"":"""",""271"":"""",""272"":"""",""273"":"""",""274"":"""",""275"":"""",""276"":"""",""277"":"""",""278"":"""",""279"":"""",""280"":"""",""281"":"""",""282"":"""",""283"":"""",""284"":"""",""285"":"""",""286"":"""",""287"":"""",""288"":"""",""289"":"""",""290"":"""",""291"":"""",""292"":"""",""293"":"""",""294"":"""",""295"":"""",""296"":"""",""297"":"""",""298"":"""",""299"":"""",""300"":"""",""301"":"""",""302"":"""",""303"":"""",""304"":"""",""305"":"""",""306"":"""",""307"":"""",""308"":"""",""309"":"""",""310"":"""",""311"":"""",""312"":"""",""313"":"""",""314"":"""",""315"":"""",""316"":"""",""317"":"""",""318"":"""",""319"":"""",""320"":"""",""321"":"""",""322"":"""",""323"":"""",""324"":"""",""325"":"""",""326"":"""",""327"":"""",""328"":"""",""329"":"""",""330"":"""",""331"":"""",""332"":"""",""333"":"""",""334"":"""",""335"":"""",""336"":"""",""337"":"""",""338"":"""",""339"":"""",""340"":"""",""341"":"""",""342"":"""",""343"":"""",""344"":"""",""345"":"""",""346"":"""",""347"":"""",""348"":"""",""349"":"""",""350"":"""",""351"":"""",""352"":"""",""353"":"""",""354"":"""",""355"":"""",""356"":"""",""357"":"""",""358"":"""",""359"":"""",""360"":"""",""361"":"""",""362"":"""",""363"":"""",""364"":""""}",par,None,None,nan,None,Linear,Flat,INR,ACT/365,None,None,Semi-Annual,2023-08-31,revolutio_admin2.antarescentral,revolutio_admin2.antarescentral,2024-11-28 12:46:55,2024-11-28 12:46:55,2024-11-28 12:46:55,2099-07-05 05:30:00,Yes,Suryoday Small Finance Bank
221,ParYield_Curve_002,Par Yield Annual - Suryoday,"{""365"":"""",""366"":"""",""367"":"""",""368"":"""",""369"":"""",""370"":"""",""371"":"""",""372"":"""",""373"":"""",""374"":"""",""375"":"""",""376"":"""",""377"":"""",""378"":"""",""379"":"""",""380"":"""",""381"":"""",""382"":"""",""383"":"""",""384"":"""",""385"":"""",""386"":"""",""387"":"""",""388"":"""",""389"":"""",""390"":"""",""391"":"""",""392"":"""",""393"":"""",""394"":"""",""395"":"""",""396"":"""",""397"":"""",""398"":"""",""399"":"""",""400"":"""",""401"":"""",""402"":"""",""403"":"""",""404"":"""",""405"":"""",""406"":"""",""407"":"""",""408"":"""",""409"":"""",""410"":"""",""411"":"""",""412"":"""",""413"":"""",""414"":"""",""415"":"""",""416"":"""",""417"":"""",""418"":"""",""419"":"""",""420"":"""",""421"":"""",""422"":"""",""423"":"""",""424"":"""",""425"":"""",""426"":"""",""427"":"""",""428"":"""",""429"":"""",""430"":"""",""431"":"""",""432"":"""",""433"":"""",""434"":"""",""435"":"""",""436"":"""",""437"":"""",""438"":"""",""439"":"""",""440"":"""",""441"":"""",""442"":"""",""443"":"""",""444"":"""",""445"":"""",""446"":"""",""447"":"""",""448"":"""",""449"":"""",""450"":"""",""451"":"""",""452"":"""",""453"":"""",""454"":"""",""455"":"""",""456"":"""",""457"":"""",""458"":"""",""459"":"""",""460"":"""",""461"":"""",""462"":"""",""463"":"""",""464"":"""",""465"":"""",""466"":"""",""467"":"""",""468"":"""",""469"":"""",""470"":"""",""471"":"""",""472"":"""",""473"":"""",""474"":"""",""475"":"""",""476"":"""",""477"":"""",""478"":"""",""479"":"""",""480"":"""",""481"":"""",""482"":"""",""483"":"""",""484"":"""",""485"":"""",""486"":"""",""487"":"""",""488"":"""",""489"":"""",""490"":"""",""491"":"""",""492"":"""",""493"":"""",""494"":"""",""495"":"""",""496"":"""",""497"":"""",""498"":"""",""499"":"""",""500"":"""",""501"":"""",""502"":"""",""503"":"""",""504"":"""",""505"":"""",""506"":"""",""507"":"""",""508"":"""",""509"":"""",""510"":"""",""511"":"""",""512"":"""",""513"":"""",""514"":"""",""515"":"""",""516"":"""",""517"":"""",""518"":"""",""519"":"""",""520"":"""",""521"":"""",""522"":"""",""523"":"""",""524"":""""}",par,None,None,nan,None,Linear,Flat,INR,ACT/365,None,None,Annual,2023-08-31,revolutio_admin2.antarescentral,revolutio_admin2.antarescentral,2024-11-28 12:46:55,2024-11-28 12:46:55,2024-11-28 12:46:55,2099-07-05 05:30:00,Yes,Suryoday Small Finance Bank
222,ZCYC_Curve_001,ZCYC Semi-Annual - Suryoday,"{""525"":"""",""526"":"""",""527"":"""",""528"":"""",""529"":"""",""530"":"""",""531"":"""",""532"":"""",""533"":"""",""534"":"""",""535"":"""",""536"":"""",""537"":"""",""538"":"""",""539"":"""",""540"":"""",""541"":"""",""542"":"""",""543"":"""",""544"":"""",""545"":"""",""546"":"""",""547"":"""",""548"":"""",""549"":"""",""550"":"""",""551"":"""",""552"":"""",""553"":"""",""554"":"""",""555"":"""",""556"":"""",""557"":"""",""558"":"""",""559"":"""",""560"":"""",""561"":"""",""562"":"""",""563"":"""",""564"":"""",""565"":"""",""566"":"""",""567"":"""",""568"":"""",""569"":"""",""570"":"""",""571"":"""",""572"":"""",""573"":"""",""574"":"""",""575"":"""",""576"":"""",""577"":"""",""578"":"""",""579"":"""",""580"":"""",""1798"":"""",""1799"":"""",""1800"":"""",""1801"":"""",""1802"":"""",""1803"":"""",""1804"":"""",""1805"":"""",""1806"":"""",""1807"":"""",""1808"":"""",""1809"":"""",""1810"":"""",""1811"":"""",""1812"":"""",""1813"":"""",""1814"":"""",""1815"":"""",""1816"":"""",""1817"":"""",""1818"":"""",""1819"":"""",""1820"":"""",""1628"":"""",""1629"":"""",""1630"":"""",""1631"":"""",""1632"":"""",""1633"":"""",""1634"":"""",""1635"":"""",""1636"":"""",""1637"":"""",""1638"":"""",""1639"":"""",""1640"":"""",""1641"":"""",""1642"":"""",""1643"":"""",""1644"":"""",""1645"":"""",""1646"":"""",""1647"":"""",""1648"":"""",""1649"":"""",""1650"":"""",""1651"":"""",""1652"":"""",""1653"":"""",""1654"":"""",""1655"":"""",""1656"":"""",""1657"":"""",""1658"":"""",""1659"":"""",""1660"":"""",""1661"":"""",""1662"":"""",""1663"":"""",""1664"":"""",""1665"":"""",""1666"":"""",""1667"":"""",""1668"":"""",""1669"":"""",""1670"":"""",""1671"":"""",""1672"":"""",""1673"":"""",""1674"":"""",""1675"":"""",""1676"":"""",""1677"":"""",""1678"":"""",""1679"":"""",""1680"":"""",""1681"":"""",""1682"":"""",""1683"":"""",""1684"":"""",""1685"":"""",""1686"":"""",""1687"":"""",""1688"":"""",""1689"":"""",""1690"":"""",""1691"":"""",""1692"":"""",""1693"":"""",""1694"":"""",""1695"":"""",""1696"":"""",""1697"":"""",""1698"":"""",""1699"":"""",""1700"":"""",""1701"":"""",""1791"":"""",""1792"":"""",""1793"":"""",""1794"":"""",""1795"":"""",""1796"":"""",""1797"":""""}",zero,None,None,nan,None,Linear,Flat,INR,ACT/365,None,None,Semi-Annual,2023-08-31,revolutio_admin2.antarescentral,revolutio_admin2.antarescentral,2024-11-28 12:46:55,2024-11-28 12:46:55,2024-11-28 12:46:55,2099-07-05 05:30:00,Yes,Suryoday Small Finance Bank
223,ZCYC_Curve_002,ZCYC Annual - Suryoday,"{""581"":"""",""582"":"""",""583"":"""",""584"":"""",""585"":"""",""586"":"""",""587"":"""",""588"":"""",""589"":"""",""590"":"""",""591"":"""",""592"":"""",""593"":"""",""594"":"""",""595"":"""",""596"":"""",""597"":"""",""598"":"""",""599"":"""",""600"":"""",""601"":"""",""602"":"""",""603"":"""",""604"":"""",""605"":"""",""606"":"""",""607"":"""",""608"":"""",""609"":"""",""610"":"""",""611"":"""",""612"":"""",""613"":"""",""614"":"""",""615"":"""",""616"":"""",""617"":"""",""618"":"""",""619"":"""",""620"":"""",""621"":"""",""622"":"""",""623"":"""",""624"":"""",""625"":"""",""626"":"""",""627"":"""",""628"":"""",""629"":"""",""630"":"""",""631"":"""",""632"":"""",""633"":"""",""634"":"""",""635"":"""",""636"":"""",""1702"":"""",""1703"":"""",""1704"":"""",""1705"":"""",""1706"":"""",""1707"":"""",""1708"":"""",""1709"":"""",""1710"":"""",""1711"":"""",""1712"":"""",""1713"":"""",""1714"":"""",""1715"":"""",""1716"":"""",""1717"":"""",""1718"":"""",""1719"":"""",""1720"":"""",""1721"":"""",""1722"":"""",""1723"":"""",""1724"":"""",""1725"":"""",""1726"":"""",""1727"":"""",""1728"":"""",""1729"":"""",""1730"":"""",""1731"":"""",""1732"":"""",""1733"":"""",""1734"":"""",""1735"":"""",""1736"":"""",""1737"":"""",""1738"":"""",""1739"":"""",""1740"":"""",""1741"":"""",""1742"":"""",""1743"":"""",""1744"":"""",""1745"":"""",""1746"":"""",""1747"":"""",""1748"":"""",""1749"":"""",""1750"":"""",""1751"":"""",""1752"":"""",""1753"":"""",""1754"":"""",""1755"":"""",""1756"":"""",""1757"":"""",""1758"":"""",""1759"":"""",""1760"":"""",""1761"":"""",""1762"":"""",""1763"":"""",""1764"":"""",""1765"":"""",""1766"":"""",""1767"":"""",""1768"":"""",""1769"":"""",""1770"":"""",""1771"":"""",""1772"":"""",""1773"":"""",""1774"":"""",""1775"":"""",""1776"":"""",""1777"":"""",""1778"":"""",""1779"":"""",""1780"":"""",""1781"":"""",""1782"":"""",""1783"":"""",""1784"":"""",""1785"":"""",""1786"":"""",""1787"":"""",""1788"":"""",""1789"":"""",""1790"":"""",""1822"":"""",""1823"":"""",""1824"":"""",""1825"":"""",""1826"":"""",""1827"":"""",""1828"":"""",""1829"":"""",""1830"":"""",""1831"":"""",""1832"":"""",""1833"":"""",""1834"":"""",""1835"":"""",""1836"":""""}",zero,None,None,nan,None,Linear,Flat,INR,ACT/365,None,None,Annual,2023-08-31,revolutio_admin2.antarescentral,revolutio_admin2.antarescentral,2024-11-28 12:46:55,2024-11-28 12:46:55,2024-11-28 12:46:55,2099-07-05 05:30:00,Yes,Suryoday Small Finance Bank
224,FBIL_TBILL_Curve_001,FBIL T-Bill - Suryoday,"{""644"": """", ""645"": """", ""646"": """", ""647"": """", ""648"": """", ""649"": """", ""650"": """",""651"": """",""652"": """",""653"": """",""654"": """",""655"": """",""656"": """",""657"": """"}",zero,None,None,nan,None,Linear,Linear,INR,ACT/365,Annual,Annual,Annual,2023-08-31,revolutio_admin2.antarescentral,revolutio_admin2.antarescentral,2024-11-28 12:46:55,2024-11-28 12:46:55,2024-11-28 12:46:55,2099-07-05 05:30:00,Yes,Suryoday Small Finance Bank
225,mibor_term,MIBOR Term,"{""664"":"""",""665"":"""",""666"":"""",""2006"":""""}",zero,None,None,nan,None,Linear,Flat,INR,ACT/365,None,None,Annual,2023-08-31,revolutio_admin2.antarescentral,revolutio_admin2.antarescentral,2024-11-28 12:46:55,2024-11-28 12:46:55,2024-11-28 12:46:55,2099-07-05 05:30:00,Yes,Suryoday Small Finance Bank
226,SDFRBI_Curve,SDF Rate Curve,"{""2004"":"""",""2005"":""""}",zero,None,None,nan,None,Linear,Flat,INR,ACT/365,None,None,Annual,2023-08-31,revolutio_admin2.antarescentral,revolutio_admin2.antarescentral,2024-11-28 12:46:55,2024-11-28 12:46:55,2024-11-28 12:46:55,2099-07-05 05:30:00,Yes,Suryoday Small Finance Bank
227,IDFC_Term_Deposit_Curve,IDFC Term Deposit Curve,"{""1997"":"""",""1998"":"""",""1999"":"""",""2000"":"""",""2001"":""""}",zero,None,None,nan,None,Linear,Flat,INR,ACT/365,None,None,Annual,2023-08-31,revolutio_admin2.antarescentral,revolutio_admin2.antarescentral,2024-11-28 12:46:55,2024-11-28 12:46:55,2024-11-28 12:46:55,2099-07-05 05:30:00,Yes,Suryoday Small Finance Bank
228,CB_Curve,Call Borrowing - Suryoday,"{""2002"":"""",""2003"":""""}",zero,None,None,nan,None,Linear,Flat,INR,ACT/365,None,None,Annual,2023-08-31,revolutio_admin2.antarescentral,revolutio_admin2.antarescentral,2024-11-28 12:46:55,2024-11-28 12:46:55,2024-11-28 12:46:55,2099-07-05 05:30:00,Yes,Suryoday Small Finance Bank
229,INDSLND001,INDSLND Domestic NRE NRO,"{""2007"":"""",""2008"":""""}",zero,None,None,nan,None,Linear,Flat,INR,ACT/365,None,None,Annual,2023-08-31,revolutio_admin2.antarescentral,revolutio_admin2.antarescentral,2024-11-28 12:46:55,2024-11-28 12:46:55,2024-11-28 12:46:55,2099-07-05 05:30:00,Yes,Suryoday Small Finance Bank
230,INDSLND002,INDSLND Senior Citizen,"{""2009"":"""",""2010"":""""}",zero,None,None,nan,None,Linear,Flat,INR,ACT/365,None,None,Annual,2023-08-31,revolutio_admin2.antarescentral,revolutio_admin2.antarescentral,2024-11-28 12:46:55,2024-11-28 12:46:55,2024-11-28 12:46:55,2099-07-05 05:30:00,Yes,Suryoday Small Finance Bank
231,FEDBNK,Federal Bank Term Deposit,"{""2011"":"""",""2012"":"""",""2013"":"""",""2014"":"""",""2015"":"""",""2016"":"""",""2017"":"""",""2018"":"""",""2019"":"""",""2020"":"""",""2021"":"""",""2022"":""""}",zero,None,None,nan,None,Linear,Flat,INR,ACT/365,None,None,Annual,2023-08-31,revolutio_admin2.antarescentral,revolutio_admin2.antarescentral,2024-11-28 12:46:55,2024-11-28 12:46:55,2024-11-28 12:46:55,2099-07-05 05:30:00,Yes,Suryoday Small Finance Bank
232,HDFCBNK,HDFC Bank Term Deposit,"{""2049"":""""}",zero,None,None,nan,None,Linear,Flat,INR,ACT/365,None,None,Annual,2023-08-31,revolutio_admin2.antarescentral,revolutio_admin2.antarescentral,2024-11-28 12:46:55,2024-11-28 12:46:55,2024-11-28 12:46:55,2099-07-05 05:30:00,Yes,Suryoday Small Finance Bank
151,FD_SBM_001,FD_SBM_less_than_15L_Callable,"{""1"": """", ""2"": """", ""3"": """", ""4"": """", ""5"": """", ""6"": """", ""7"": """", ""8"": """", ""9"": """", ""10"": """", ""11"": """", ""12"": """", ""13"": """", ""14"": """", ""15"": """", ""16"": """", ""17"": """", ""18"": """", ""19"": """", ""20"": """", ""21"": """", ""22"": """", ""23"": """"}",zero,None,None,nan,None,Linear,Flat,None,ACT/365,None,None,Annual,2023-10-31,revolutio_admin2.antarescentral,revolutio_admin2.antarescentral,2024-11-28 12:46:55,2024-11-28 12:46:55,2024-11-28 12:46:55,2099-07-05 05:30:00,Yes,SBM Bank India
152,FD_SBM_003,FD_SBM_less_than_5CR_Callable,"{""47"": """", ""48"": """", ""49"": """", ""50"": """", ""51"": """", ""52"": """", ""53"": """", ""54"": """", ""55"": """", ""56"": """", ""57"": """", ""58"": """", ""59"": """", ""60"": """", ""61"": """", ""62"": """", ""63"": """", ""64"": """", ""65"": """", ""66"": """", ""67"": """", ""68"": """", ""69"": """"}",zero,None,None,nan,None,Linear,Flat,None,ACT/365,None,None,Annual,2023-10-31,revolutio_admin2.antarescentral,revolutio_admin2.antarescentral,2024-11-28 12:46:55,2024-11-28 12:46:55,2024-11-28 12:46:55,2099-07-05 05:30:00,Yes,SBM Bank India
153,FD_SBM_004,FD_SBM_greater_than_5CR_Callable,"{""70"": """", ""71"": """", ""72"": """", ""73"": """", ""74"": """", ""75"": """", ""76"": """", ""77"": """", ""78"": """", ""79"": """", ""80"": """", ""81"": """", ""82"": """", ""83"": """", ""84"": """", ""85"": """", ""86"": """", ""87"": """", ""88"": """", ""89"": """", ""90"": """", ""91"": """", ""92"": """"}",zero,None,None,nan,None,Linear,Flat,None,ACT/365,None,None,Annual,2023-10-31,revolutio_admin2.antarescentral,revolutio_admin2.antarescentral,2024-11-28 12:46:55,2024-11-28 12:46:55,2024-11-28 12:46:55,2099-07-05 05:30:00,Yes,SBM Bank India
154,FD_SBM_005,FD_SBM_less_than_15L_NonCallable,"{""93"": """", ""94"": """", ""95"": """", ""96"": """", ""97"": """", ""98"": """", ""99"": """", ""100"": """", ""101"": """", ""102"": """", ""103"": """", ""104"": """", ""105"": """", ""106"": """", ""107"": """", ""108"": """", ""109"": """", ""110"": """", ""111"": """", ""112"": """", ""113"": """", ""114"": """", ""115"": """"}",zero,None,None,nan,None,Linear,Flat,None,ACT/365,None,None,Annual,2023-10-31,revolutio_admin2.antarescentral,revolutio_admin2.antarescentral,2024-11-28 12:46:55,2024-11-28 12:46:55,2024-11-28 12:46:55,2099-07-05 05:30:00,Yes,SBM Bank India
155,FD_SBM_006,FD_SBM_less_than_2CR_NonCallable,"{""116"": """", ""117"": """", ""118"": """", ""119"": """", ""120"": """", ""121"": """", ""122"": """", ""123"": """", ""124"": """", ""125"": """", ""126"": """", ""127"": """", ""128"": """", ""129"": """", ""130"": """", ""131"": """", ""132"": """", ""133"": """", ""134"": """", ""135"": """", ""136"": """", ""137"": """", ""138"": """"}",zero,None,None,nan,None,Linear,Flat,None,ACT/365,None,None,Annual,2023-10-31,revolutio_admin2.antarescentral,revolutio_admin2.antarescentral,2024-11-28 12:46:55,2024-11-28 12:46:55,2024-11-28 12:46:55,2099-07-05 05:30:00,Yes,SBM Bank India
156,FD_SBM_007,FD_SBM_less_than_5CR_NonCallable,"{""139"": """", ""140"": """", ""141"": """", ""142"": """", ""143"": """", ""144"": """", ""145"": """", ""146"": """", ""147"": """", ""148"": """", ""149"": """", ""150"": """", ""151"": """", ""152"": """", ""153"": """", ""154"": """", ""155"": """", ""156"": """", ""157"": """", ""158"": """", ""159"": """", ""160"": """", ""161"": """"}",zero,None,None,nan,None,Linear,Flat,None,ACT/365,None,None,Annual,2023-10-31,revolutio_admin2.antarescentral,revolutio_admin2.antarescentral,2024-11-28 12:46:55,2024-11-28 12:46:55,2024-11-28 12:46:55,2099-07-05 05:30:00,Yes,SBM Bank India
157,FD_SBM_008,FD_SBM_greater_than_5CR_NonCallable,"{""162"": """", ""163"": """", ""164"": """", ""165"": """", ""166"": """", ""167"": """", ""168"": """", ""169"": """", ""170"": """", ""171"": """", ""172"": """", ""173"": """", ""174"": """", ""175"": """", ""176"": """", ""177"": """", ""178"": """", ""179"": """", ""180"": """", ""181"": """", ""182"": """", ""183"": """", ""184"": """"}",zero,None,None,nan,None,Linear,Flat,None,ACT/365,None,None,Annual,2023-10-31,revolutio_admin2.antarescentral,revolutio_admin2.antarescentral,2024-11-28 12:46:55,2024-11-28 12:46:55,2024-11-28 12:46:55,2099-07-05 05:30:00,Yes,SBM Bank India
158,FD_SBM_012,FD_SBM_JPY,"{""200"": """", ""201"": """", ""202"": """", ""203"": """", ""204"": """"}",zero,None,None,nan,None,Linear,Flat,None,ACT/365,None,None,Annual,2023-10-31,revolutio_admin2.antarescentral,revolutio_admin2.antarescentral,2024-11-28 12:46:55,2024-11-28 12:46:55,2024-11-28 12:46:55,2099-07-05 05:30:00,Yes,SBM Bank India
159,FD_SBM_014,FBIL_SBM_PAR_ANNUAL,"{""365"": """", ""366"": """", ""367"": """", ""368"": """", ""369"": """", ""370"": """", ""371"": """", ""372"": """", ""373"": """", ""374"": """", ""375"": """", ""376"": """", ""377"": """", ""378"": """", ""379"": """", ""380"": """", ""381"": """", ""382"": """", ""383"": """", ""384"": """", ""385"": """", ""386"": """", ""387"": """", ""388"": """", ""389"": """", ""390"": """", ""391"": """", ""392"": """", ""393"": """", ""394"": """", ""395"": """", ""396"": """", ""397"": """", ""398"": """", ""399"": """", ""400"": """", ""401"": """", ""402"": """", ""403"": """", ""404"": """", ""405"": """", ""406"": """", ""407"": """", ""408"": """", ""409"": """", ""410"": """", ""411"": """", ""412"": """", ""413"": """", ""414"": """", ""415"": """", ""416"": """", ""417"": """", ""418"": """", ""419"": """", ""420"": """", ""421"": """", ""422"": """", ""423"": """", ""424"": """", ""425"": """", ""426"": """", ""427"": """", ""428"": """", ""429"": """", ""430"": """", ""431"": """", ""432"": """", ""433"": """", ""434"": """", ""435"": """", ""436"": """", ""437"": """", ""438"": """", ""439"": """", ""440"": """", ""441"": """", ""442"": """", ""443"": """", ""444"": """", ""445"": """", ""446"": """", ""447"": """", ""448"": """", ""449"": """", ""450"": """", ""451"": """", ""452"": """", ""453"": """", ""454"": """", ""455"": """", ""456"": """", ""457"": """", ""458"": """", ""459"": """", ""460"": """", ""461"": """", ""462"": """", ""463"": """", ""464"": """", ""465"": """", ""466"": """", ""467"": """", ""468"": """", ""469"": """", ""470"": """", ""471"": """", ""472"": """", ""473"": """", ""474"": """", ""475"": """", ""476"": """", ""477"": """", ""478"": """", ""479"": """", ""480"": """", ""481"": """", ""482"": """", ""483"": """", ""484"": """", ""485"": """", ""486"": """", ""487"": """", ""488"": """", ""489"": """", ""490"": """", ""491"": """", ""492"": """", ""493"": """", ""494"": """", ""495"": """", ""496"": """", ""497"": """", ""498"": """", ""499"": """", ""500"": """", ""501"": """", ""502"": """", ""503"": """", ""504"": """", ""505"": """", ""506"": """", ""507"": """", ""508"": """", ""509"": """", ""510"": """", ""511"": """", ""512"": """", ""513"": """", ""514"": """", ""515"": """", ""516"": """", ""517"": """", ""518"": """", ""519"": """", ""520"": """", ""521"": """", ""522"": """", ""523"": """", ""524"": """"}",par,None,None,nan,None,Linear,Flat,INR,ACT/365,None,None,Annual,2015-10-12,revolutio_admin2.antarescentral,revolutio_admin2.antarescentral,2024-11-28 12:46:55,2024-11-28 12:46:55,2024-11-28 12:46:55,2099-07-05 05:30:00,Yes,SBM Bank India
160,FD_SBM_016,FBIL_SBM_ZCYC_ANNUAL,"{""581"": """", ""582"": """", ""583"": """", ""584"": """", ""585"": """", ""586"": """", ""587"": """", ""588"": """", ""589"": """", ""590"": """", ""591"": """", ""592"": """", ""593"": """", ""594"": """", ""595"": """", ""596"": """", ""597"": """", ""598"": """", ""599"": """", ""600"": """", ""601"": """", ""602"": """", ""603"": """", ""604"": """", ""605"": """", ""606"": """", ""607"": """", ""608"": """", ""609"": """", ""610"": """", ""611"": """", ""612"": """", ""613"": """", ""614"": """", ""615"": """", ""616"": """", ""617"": """", ""618"": """", ""619"": """", ""620"": """", ""621"": """", ""622"": """", ""623"": """", ""624"": """", ""625"": """", ""626"": """", ""627"": """", ""628"": """", ""629"": """", ""630"": """", ""631"": """", ""632"": """", ""633"": """", ""634"": """", ""635"": """", ""636"": """"}",zero,None,None,nan,None,Linear,Flat,INR,ACT/365,None,None,Annual,2023-10-30,revolutio_admin2.antarescentral,revolutio_admin2.antarescentral,2024-11-28 12:46:55,2024-11-28 12:46:55,2024-11-28 12:46:55,2099-07-05 05:30:00,Yes,SBM Bank India
161,FD_SBM_018,FBIL_SBM_TBILLS_ANNUAL,"{""644"": """", ""645"": """", ""646"": """", ""647"": """", ""648"": """", ""649"": """", ""650"": """", ""651"": """", ""652"": """", ""653"": """", ""654"": """", ""655"": """", ""656"": """", ""657"": """"}",zero,None,None,nan,None,Linear,Flat,INR,ACT/365,None,None,Annual,2023-10-31,revolutio_admin2.antarescentral,revolutio_admin2.antarescentral,2024-11-28 12:46:55,2024-11-28 12:46:55,2024-11-28 12:46:55,2099-07-05 05:30:00,Yes,SBM Bank India
162,MCLR01,MCLR Curve,"{""658"": """", ""659"": """", ""660"": """", ""661"": """", ""662"": """"}",zero,None,None,nan,None,Linear,Flat,INR,ACT/365,None,None,Annual,2023-01-31,revolutio_admin2.antarescentral,revolutio_admin2.antarescentral,2024-11-28 12:46:55,2024-11-28 12:46:55,2024-11-28 12:46:55,2099-07-05 05:30:00,Yes,SBM Bank India
163,MIBOR_ON,INR MIBOR ON,"{""663"": """"}",zero,None,None,nan,None,Linear,Flat,INR,ACT/365,None,None,Annual,2023-01-31,revolutio_admin2.antarescentral,revolutio_admin2.antarescentral,2024-11-28 12:46:55,2024-11-28 12:46:55,2024-11-28 12:46:55,2099-07-05 05:30:00,Yes,SBM Bank India
164,JPY_TONAR,JPY TONAR RFR,"{""678"": """", ""679"": """", ""680"": """", ""681"": """", ""682"": """", ""683"": """", ""684"": """", ""685"": """", ""686"": """", ""687"": """", ""688"": """", ""689"": """", ""690"": """", ""691"": """", ""692"": """", ""693"": """", ""694"": """", ""695"": """", ""696"": """", ""697"": """", ""698"": """", ""699"": """", ""700"": """", ""701"": """", ""702"": """", ""703"": """", ""704"": """"}",zero,None,None,nan,None,Linear,Flat,JPY,ACT/365,None,None,Annual,2023-01-31,revolutio_admin2.antarescentral,revolutio_admin2.antarescentral,2024-11-28 12:46:55,2024-11-28 12:46:55,2024-11-28 12:46:55,2099-07-05 05:30:00,Yes,SBM Bank India
165,SGD_SORA,SGD SORA RFR,"{""667"": """", ""668"": """", ""669"": """", ""670"": """", ""671"": """", ""672"": """", ""673"": """", ""674"": """", ""675"": """", ""676"": """", ""677"": """"}",zero,None,None,nan,None,Linear,Flat,None,ACT/365,None,None,Annual,2023-01-31,revolutio_admin2.antarescentral,revolutio_admin2.antarescentral,2024-11-28 12:46:55,2024-11-28 12:46:55,2024-11-28 12:46:55,2099-07-05 05:30:00,Yes,SBM Bank India
166,GBP_SONIA,GBP SONIA RFR,"{""705"": """", ""706"": """", ""707"": """", ""708"": """", ""709"": """", ""710"": """", ""711"": """", ""712"": """", ""713"": """", ""714"": """", ""715"": """", ""716"": """", ""717"": """", ""718"": """", ""719"": """", ""720"": """", ""721"": """", ""722"": """", ""723"": """", ""724"": """", ""725"": """", ""726"": """", ""727"": """", ""728"": """", ""729"": """"}",zero,None,None,nan,None,Linear,Flat,GBP,ACT/365,None,None,Annual,2023-10-31,revolutio_admin2.antarescentral,revolutio_admin2.antarescentral,2024-11-28 12:46:55,2024-11-28 12:46:55,2024-11-28 12:46:55,2099-07-05 05:30:00,Yes,SBM Bank India
167,IR_006,FBIL GSEC + 25bps,"{""1"":"""",""9"":"""",""10"":"""",""11"":"""",""12"":"""",""13"":"""",""14"":"""",""15"":""""}",par,None,1.0,0.0,0.0025,Linear,Flat,INR,ACT/365,Annual,Annual,Continuous,2020-09-27,revolutio_admin2.antarescentral,revolutio_admin2.antarescentral,2024-11-28 12:46:55,2024-11-28 12:46:55,2024-11-28 12:46:55,2099-07-05 05:30:00,Yes,None
168,IR_007,FBIL T-Bill Curve,"{""2"":"""",""3"":"""",""4"":"""",""5"":"""",""6"":"""",""7"":"""",""8"":""""}",zero,None,0.0,0.0,None,Linear,Flat,INR,ACT/365,Annual,Annual,None,2020-09-27,revolutio_admin2.antarescentral,revolutio_admin2.antarescentral,2024-11-28 12:46:55,2024-11-28 12:46:55,2024-11-28 12:46:55,2099-07-05 05:30:00,Yes,None
169,IR_008,FBIL CD Curve,"{""45"":"""",""46"":"""",""47"":"""",""48"":"""",""49"":"""",""50"":"""",""51"":""""}",zero,None,0.0,0.0,None,Linear,Flat,INR,ACT/365,Annual,Annual,None,2020-09-27,revolutio_admin2.antarescentral,revolutio_admin2.antarescentral,2024-11-28 12:46:55,2024-11-28 12:46:55,2024-11-28 12:46:55,2099-07-05 05:30:00,Yes,None
170,IR_009,Term Deposit Curve,"{""52"":"""",""53"":"""",""54"":"""",""55"":"""",""56"":"""",""1002"":"""",""1003"":"""",""1004"":"""",""1005"":"""",""1006"":""""}",zero,None,0.0,0.0,None,Linear,Flat,INR,ACT/365,Annual,Annual,None,2020-09-27,revolutio_admin2.antarescentral,revolutio_admin2.antarescentral,2024-11-28 12:46:55,2024-11-28 12:46:55,2024-11-28 12:46:55,2099-07-05 05:30:00,Yes,None
171,IR1mmrPcswHjScQfBA,FBIL G-Sec Yield Curve Zero,"{""199"": """", ""200"": """", ""201"": """", ""202"": """", ""203"": """", ""204"": """", ""205"": """", ""206"": """", ""207"": """", ""224"": """", ""225"": """", ""226"": """", ""227"": """", ""228"": """", ""229"": """", ""230"": """", ""231"": """", ""232"": """", ""233"": """", ""234"": """", ""235"": """", ""236"": """", ""237"": """", ""238"": """", ""239"": """", ""240"": """", ""241"": """", ""242"": """", ""243"": """", ""208"": """", ""209"": """", ""244"": """", ""245"": """", ""246"": """", ""247"": """", ""248"": """", ""249"": """", ""250"": """", ""251"": """", ""252"": """", ""253"": """", ""254"": """", ""255"": """", ""256"": """", ""257"": """", ""258"": """", ""259"": """", ""260"": """", ""261"": """", ""262"": """", ""263"": """", ""210"": """", ""211"": """", ""264"": """", ""212"": """", ""213"": """", ""214"": """", ""215"": """", ""216"": """", ""217"": """", ""218"": """", ""219"": """", ""220"": """", ""221"": """", ""222"": """", ""223"": """"}",zero,None,0.0,0.0,None,Linear,Flat,INR,ACT/365,None,None,continuously,2020-09-27,revolutio_admin2.antarescentral,revolutio_admin2.antarescentral,2024-11-28 12:46:55,2024-11-28 12:46:55,2024-11-28 12:46:55,2099-07-05 05:30:00,Yes,None
172,IRwgZAJZsnC0t9V1US,FBIL GSEC + 25bps Zero,"{""265"": """", ""266"": """", ""267"": """", ""284"": """", ""285"": """", ""286"": """", ""287"": """", ""288"": """", ""289"": """", ""290"": """", ""291"": """", ""292"": """", ""293"": """", ""294"": """", ""268"": """", ""269"": """", ""270"": """", ""271"": """", ""272"": """", ""273"": """", ""274"": """", ""275"": """", ""276"": """", ""277"": """", ""278"": """", ""279"": """", ""280"": """", ""281"": """", ""282"": """", ""283"": """"}",zero,None,0.0,0.0,None,Linear,Flat,INR,ACT/365,None,None,continuously,2020-09-27,revolutio_admin2.antarescentral,revolutio_admin2.antarescentral,2024-11-28 12:46:55,2024-11-28 12:46:55,2024-11-28 12:46:55,2099-07-05 05:30:00,Yes,None
173,IRr63JHZ194HIeCP13,INR OIS Curve Zero,"{""302"": """", ""303"": """", ""304"": """", ""305"": """", ""306"": """", ""307"": """", ""308"": """", ""309"": """", ""326"": """", ""310"": """", ""311"": """", ""312"": """", ""313"": """", ""314"": """", ""315"": """", ""316"": """", ""317"": """", ""318"": """", ""319"": """", ""320"": """", ""321"": """", ""322"": """", ""323"": """", ""324"": """", ""325"": """"}",zero,None,0.0,0.0,None,Linear,Flat,INR,ACT/365,None,None,continuously,2020-09-27,revolutio_admin2.antarescentral,revolutio_admin2.antarescentral,2024-11-28 12:46:55,2024-11-28 12:46:55,2024-11-28 12:46:55,2099-07-05 05:30:00,Yes,None
174,IRXWNEU001,USD OIS Zero Curve,"{""329"":"""",""330"":"""",""331"":"""",""332"":"""",""333"":"""",""334"":"""",""335"":"""",""336"":"""",""337"":"""",""338"":"""",""339"":"""",""340"":"""",""341"":"""",""342"":"""",""343"":"""",""344"":"""",""345"":"""",""346"":"""",""347"":"""",""348"":"""",""349"":"""",""350"":"""",""351"":"""",""352"":"""",""353"":"""",""354"":""""}",zero,None,0.0,0.0,None,Linear,Flat,USD,ACT/365,None,None,continously,2020-12-09,revolutio_admin2.antarescentral,revolutio_admin2.antarescentral,2024-11-28 12:46:55,2024-11-28 12:46:55,2024-11-28 12:46:55,2099-07-05 05:30:00,Yes,None
175,IRXMKWKOQ001,IDR G-Sec Yield Curve,"{""851"":"""",""852"":"""",""853"":"""",""854"":"""",""855"":"""",""856"":"""",""857"":"""",""858"":"""",""859"":"""",""860"":"""",""861"":"""",""1016"":""""}",par,None,1.0,1.0,0.0,Linear,Flat,IDR,ACT/365,Annual,Annual,Continous,2020-12-12,revolutio_admin2.antarescentral,revolutio_admin2.antarescentral,2024-11-28 12:46:55,2024-11-28 12:46:55,2024-11-28 12:46:55,2099-07-05 05:30:00,Yes,None
176,IRWNI2Gg5lpSYSMHzr,IDR G-Sec Yield Curve Zero,"{""932"": """", ""933"": """", ""934"": """", ""935"": """", ""936"": """", ""937"": """", ""938"": """", ""939"": """", ""940"": """", ""941"": """", ""942"": """", ""943"": """", ""944"": """", ""945"": """", ""946"": """", ""947"": """", ""948"": """", ""949"": """", ""950"": """", ""951"": """", ""952"": """", ""953"": """", ""954"": """", ""955"": """", ""956"": """", ""957"": """", ""958"": """", ""959"": """", ""960"": """", ""961"": """", ""962"": """", ""963"": """", ""964"": """", ""965"": """", ""966"": """", ""967"": """", ""968"": """", ""969"": """", ""970"": """", ""971"": """", ""972"": """", ""973"": """", ""974"": """", ""975"": """", ""976"": """", ""977"": """", ""978"": """", ""979"": """", ""980"": """", ""981"": """", ""982"": """", ""983"": """", ""984"": """", ""985"": """", ""986"": """", ""987"": """", ""988"": """", ""989"": """", ""990"": """", ""991"": """", ""992"": """", ""993"": """", ""1017"": """"}",zero,None,0.0,0.0,None,Linear,Flat,IDR,ACT/365,None,None,annually,2020-12-12,revolutio_admin2.antarescentral,revolutio_admin2.antarescentral,2024-11-28 12:46:55,2024-11-28 12:46:55,2024-11-28 12:46:55,2099-07-05 05:30:00,Yes,None
177,federal_bank_general,Federal Bank General,"{""1018"":"""",""1019"":"""",""1020"":"""",""1021"":"""",""1022"":"""",""1023"":"""",""1024"":"""",""1025"":"""",""1026"":"""",""1027"":"""",""1028"":"""",""1029"":"""",""1030"":"""",""1031"":"""",""1032"":""""}",zero,None,0.0,0.0,None,Linear,Flat,INR,ACT/365,None,None,None,2022-12-01,revolutio_admin2.antarescentral,revolutio_admin2.antarescentral,2024-11-28 12:46:55,2024-11-28 12:46:55,2024-11-28 12:46:55,2099-07-05 05:30:00,Yes,None
178,federal_bank_senior,Federal Bank Senior Citizens,"{""1033"":"""",""1034"":"""",""1035"":"""",""1036"":"""",""1037"":"""",""1038"":"""",""1039"":"""",""1040"":"""",""1041"":"""",""1042"":"""",""1043"":"""",""1044"":"""",""1045"":"""",""1046"":"""",""1047"":""""}",zero,None,0.0,0.0,None,Linear,Flat,None,ACT/365,None,None,None,2022-12-01,revolutio_admin2.antarescentral,revolutio_admin2.antarescentral,2024-11-28 12:46:55,2024-11-28 12:46:55,2024-11-28 12:46:55,2099-07-05 05:30:00,Yes,None
179,idfc_rd,IDFC Recurring Deposit,"{""1048"":"""",""1049"":"""",""1050"":"""",""1051"":"""",""1052"":"""",""1053"":"""",""1054"":"""",""1055"":"""",""1056"":"""",""1057"":"""",""1058"":"""",""1059"":"""",""1060"":"""",""1061"":""""}",zero,None,0.0,0.0,None,Linear,Flat,None,ACT/365,Quarterly,Quarterly,Continuous,2022-12-01,revolutio_admin2.antarescentral,revolutio_admin2.antarescentral,2024-11-28 12:46:55,2024-11-28 12:46:55,2024-11-28 12:46:55,2099-07-05 05:30:00,Yes,None
180,mibor_overnight,MIBOR Overnight,"{""1062"":""""}",zero,None,0.0,0.0,None,Linear,Flat,None,ACT/365,None,None,None,2022-12-01,revolutio_admin2.antarescentral,revolutio_admin2.antarescentral,2024-11-28 12:46:55,2024-11-28 12:46:55,2024-11-28 12:46:55,2099-07-05 05:30:00,Yes,None
181,LPC_1,Mibor Liquidity Curve,"{""42"": """", ""43"": """", ""1386"": """", ""1387"": """", ""1388"": """", ""1389"": """", ""1390"": """", ""1394"": """", ""1395"": """", ""1396"": """"}",zero,None,0.0,0.0,None,Linear,Flat,None,ACT/365,None,None,None,2020-09-27,revolutio_admin2.antarescentral,revolutio_admin2.antarescentral,2024-11-28 12:46:55,2024-11-28 12:46:55,2024-11-28 12:46:55,2099-07-05 05:30:00,Yes,None
182,TDBC,TD Base Curve,"{""1409"": """", ""1410"": """", ""1411"": """", ""1412"": """", ""1413"": """", ""1424"": """", ""1425"": """", ""1426"": """", ""1427"": """", ""1428"": """", ""1429"": """", ""1430"": """", ""1431"": """", ""1432"": """", ""1433"": """", ""1434"": """", ""1435"": """", ""1436"": """", ""1437"": """", ""1438"": """"}",par,None,0.0,0.0,None,Linear,Flat,None,ACT/365,None,None,None,2023-08-08,revolutio_admin2.antarescentral,revolutio_admin2.antarescentral,2024-11-28 12:46:55,2024-11-28 12:46:55,2024-11-28 12:46:55,2099-07-05 05:30:00,Yes,None
183,IRC,Indicative rate,"{""1439"": """", ""1440"": """", ""1441"": """", ""1442"": """"}",par,None,0.0,0.0,None,Linear,Flat,None,ACT/365,None,None,None,2023-08-13,revolutio_admin2.antarescentral,revolutio_admin2.antarescentral,2024-11-28 12:46:55,2024-11-28 12:46:55,2024-11-28 12:46:55,2099-07-05 05:30:00,Yes,None
184,TPC,Tenure Premium Curve,"{""1443"": """", ""1444"": """", ""1445"": """", ""1446"": """", ""1447"": """"}",par,None,0.0,0.0,None,Linear,Flat,None,ACT/365,None,None,None,2023-08-14,revolutio_admin2.antarescentral,revolutio_admin2.antarescentral,2024-11-28 12:46:55,2024-11-28 12:46:55,2024-11-28 12:46:55,2099-07-05 05:30:00,Yes,None
185,INR 6M Adjusted MIFOR01,INR 6M Adjusted MIFOR,"{""1903"": """", ""1904"": """", ""1905"": """", ""1906"": """", ""1907"": """", ""1908"": """", ""1909"": """", ""1910"": """", ""1911"": """", ""1912"": """", ""1913"": """", ""1914"": """", ""1915"": """", ""1916"": """", ""1917"": """", ""1918"": """", ""1919"": """", ""1920"": """", ""1921"": """", ""1922"": """", ""1923"": """", ""1924"": """"}",zero,None,0.0,0.0,None,Linear,Flat,None,ACT/365,None,None,Annual,2022-10-31,revolutio_admin2.antarescentral,revolutio_admin2.antarescentral,2024-11-28 12:46:55,2024-11-28 12:46:55,2024-11-28 12:46:55,2099-07-05 05:30:00,Yes,None
186,USD SOFR OIS_001,ABK - Treasury Curve,"{""1925"": """", ""1926"": """", ""1927"": """", ""1928"": """", ""1929"": """", ""1930"": """", ""1931"": """", ""1932"": """", ""1933"": """", ""1934"": """", ""1935"": """", ""1936"": """"}",par,None,0.0,0.0,None,Linear,Flat,USD,ACT/365,None,None,None,2023-08-01,revolutio_admin2.antarescentral,revolutio_admin2.antarescentral,2024-11-28 12:46:55,2024-11-28 12:46:55,2024-11-28 12:46:55,2099-07-05 05:30:00,Yes,None
187,IC_001,FBIL Par Semi-Annual,"{""205"":"""",""206"":"""",""207"":"""",""208"":"""",""209"":"""",""210"":"""",""211"":"""",""212"":"""",""213"":"""",""214"":"""",""215"":"""",""216"":"""",""217"":"""",""218"":"""",""219"":"""",""220"":"""",""221"":"""",""222"":"""",""223"":"""",""224"":"""",""225"":"""",""226"":"""",""227"":"""",""228"":"""",""229"":"""",""230"":"""",""231"":"""",""232"":"""",""233"":"""",""234"":"""",""235"":"""",""236"":"""",""237"":"""",""238"":"""",""239"":"""",""240"":"""",""241"":"""",""242"":"""",""243"":"""",""244"":"""",""245"":"""",""246"":"""",""247"":"""",""248"":""""}",par,None,0.0,nan,None,Linear,Flat,None,ACT/365,None,None,Semi-Annual,2023-06-28,revolutio_admin2.antarescentral,revolutio_admin2.antarescentral,2024-11-28 12:46:55,2024-11-28 12:46:55,2024-11-28 12:46:55,2099-07-05 05:30:00,Yes,None
188,F-INROIS,F-INROIS,"{""811"": """", ""812"": """", ""813"": """", ""814"": """", ""815"": """", ""816"": """", ""817"": """", ""818"": """", ""819"": """", ""820"": """", ""821"": """", ""822"": """", ""823"": """"}",par,None,None,nan,None,Linear,Flat,None,ACT/365,None,None,None,2022-08-17,revolutio_admin2.antarescentral,revolutio_admin2.antarescentral,2024-11-28 12:46:55,2024-11-28 12:46:55,2024-11-28 12:46:55,2099-07-05 05:30:00,Yes,None
189,FD_SBM_002,FD_SBM_less_than_2CR_Callable,"{""24"": """", ""25"": """", ""26"": """", ""27"": """", ""28"": """", ""29"": """", ""30"": """", ""31"": """", ""32"": """", ""33"": """", ""34"": """", ""35"": """", ""36"": """", ""37"": """", ""38"": """", ""39"": """", ""40"": """", ""41"": """", ""42"": """", ""43"": """", ""44"": """", ""45"": """", ""46"": """"}",zero,None,None,nan,None,Linear,Flat,None,ACT/365,None,None,Annual,2023-10-31,revolutio_admin2.antarescentral,revolutio_admin2.antarescentral,2024-11-28 12:46:55,2024-11-28 12:46:55,2024-11-28 12:46:55,2099-07-05 05:30:00,Yes,SBM Bank India
190,FD_SBM_009,FD_SBM_USD,"{""185"": """", ""186"": """", ""187"": """", ""188"": """", ""189"": """"}",zero,None,None,nan,None,Linear,Flat,None,ACT/365,None,None,Annual,2023-10-31,revolutio_admin2.antarescentral,revolutio_admin2.antarescentral,2024-11-28 12:46:55,2024-11-28 12:46:55,2024-11-28 12:46:55,2099-07-05 05:30:00,Yes,SBM Bank India
191,FD_SBM_010,FD_SBM_EUR,"{""190"": """", ""191"": """", ""192"": """", ""193"": """", ""194"": """"}",zero,None,None,nan,None,Linear,Flat,None,ACT/365,None,None,Annual,2023-10-31,revolutio_admin2.antarescentral,revolutio_admin2.antarescentral,2024-11-28 12:46:55,2024-11-28 12:46:55,2024-11-28 12:46:55,2099-07-05 05:30:00,Yes,SBM Bank India
192,FD_SBM_011,FD_SBM_GBP,"{""195"": """", ""196"": """", ""197"": """", ""198"": """", ""199"": """"}",zero,None,None,nan,None,Linear,Flat,None,ACT/365,None,None,Annual,2023-10-31,revolutio_admin2.antarescentral,revolutio_admin2.antarescentral,2024-11-28 12:46:55,2024-11-28 12:46:55,2024-11-28 12:46:55,2099-07-05 05:30:00,Yes,SBM Bank India
193,FD_SBM_013,FBIL_SBM_PAR_SEMIANNUAL,"{""205"": """", ""206"": """", ""207"": """", ""208"": """", ""209"": """", ""210"": """", ""211"": """", ""212"": """", ""213"": """", ""214"": """", ""215"": """", ""216"": """", ""217"": """", ""218"": """", ""219"": """", ""220"": """", ""221"": """", ""222"": """", ""223"": """", ""224"": """", ""225"": """", ""226"": """", ""227"": """", ""228"": """", ""229"": """", ""230"": """", ""231"": """", ""232"": """", ""233"": """", ""234"": """", ""235"": """", ""236"": """", ""237"": """", ""238"": """", ""239"": """", ""240"": """", ""241"": """", ""242"": """", ""243"": """", ""244"": """", ""245"": """", ""246"": """", ""247"": """", ""248"": """", ""249"": """", ""250"": """", ""251"": """", ""252"": """", ""253"": """", ""254"": """", ""255"": """", ""256"": """", ""257"": """", ""258"": """", ""259"": """", ""260"": """", ""261"": """", ""262"": """", ""263"": """", ""264"": """", ""265"": """", ""266"": """", ""267"": """", ""268"": """", ""269"": """", ""270"": """", ""271"": """", ""272"": """", ""273"": """", ""274"": """", ""275"": """", ""276"": """", ""277"": """", ""278"": """", ""279"": """", ""280"": """", ""281"": """", ""282"": """", ""283"": """", ""284"": """", ""285"": """", ""286"": """", ""287"": """", ""288"": """", ""289"": """", ""290"": """", ""291"": """", ""292"": """", ""293"": """", ""294"": """", ""295"": """", ""296"": """", ""297"": """", ""298"": """", ""299"": """", ""300"": """", ""301"": """", ""302"": """", ""303"": """", ""304"": """", ""305"": """", ""306"": """", ""307"": """", ""308"": """", ""309"": """", ""310"": """", ""311"": """", ""312"": """", ""313"": """", ""314"": """", ""315"": """", ""316"": """", ""317"": """", ""318"": """", ""319"": """", ""320"": """", ""321"": """", ""322"": """", ""323"": """", ""324"": """", ""325"": """", ""326"": """", ""327"": """", ""328"": """", ""329"": """", ""330"": """", ""331"": """", ""332"": """", ""333"": """", ""334"": """", ""335"": """", ""336"": """", ""337"": """", ""338"": """", ""339"": """", ""340"": """", ""341"": """", ""342"": """", ""343"": """", ""344"": """", ""345"": """", ""346"": """", ""347"": """", ""348"": """", ""349"": """", ""350"": """", ""351"": """", ""352"": """", ""353"": """", ""354"": """", ""355"": """", ""356"": """", ""357"": """", ""358"": """", ""359"": """", ""360"": """", ""361"": """", ""362"": """", ""363"": """", ""364"": """"}",par,None,None,nan,None,Linear,Flat,INR,ACT/365,None,None,Semi-Annual,2023-10-31,revolutio_admin2.antarescentral,revolutio_admin2.antarescentral,2024-11-28 12:46:55,2024-11-28 12:46:55,2024-11-28 12:46:55,2099-07-05 05:30:00,Yes,SBM Bank India
194,CAD_CORRA,CAD CORRA RFR,"{""747"": """", ""748"": """", ""749"": """", ""750"": """", ""751"": """", ""752"": """", ""753"": """", ""754"": """", ""755"": """", ""756"": """", ""757"": """", ""758"": """"}",zero,None,None,nan,None,Linear,Flat,None,ACT/365,None,None,Annual,2023-01-31,revolutio_admin2.antarescentral,revolutio_admin2.antarescentral,2024-11-28 12:46:55,2024-11-28 12:46:55,2024-11-28 12:46:55,2099-07-05 05:30:00,Yes,SBM Bank India
195,IR_001,FBIL G-Sec Yield Curve,"{""1"":"""",""2"":"""",""3"":"""",""4"":"""",""5"":"""",""6"":"""",""7"":"""",""9"":"""",""10"":"""",""11"":"""",""12"":"""",""13"":"""",""14"":"""",""15"":"""",""16"":""""}",par,None,1.0,1.0,0.0,Linear,Flat,INR,ACT/365,Annual,Annual,Continuous,2020-09-27,revolutio_admin2.antarescentral,revolutio_admin2.antarescentral,2024-11-28 12:46:55,2024-11-28 12:46:55,2024-11-28 12:46:55,2099-07-05 05:30:00,Yes,None
196,IR_002,INR OIS Curve,"{""17"":"""",""18"":"""",""19"":"""",""20"":"""",""21"":"""",""22"":"""",""23"":"""",""24"":"""",""25"":"""",""26"":"""",""27"":"""",""28"":"""",""29"":""""}",par,None,1.0,1.0,0.0,Linear,Flat,INR,ACT/365,Annual,Semi-Annual,Continuous,2020-09-27,revolutio_admin2.antarescentral,revolutio_admin2.antarescentral,2024-11-28 12:46:55,2024-11-28 12:46:55,2024-11-28 12:46:55,2099-07-05 05:30:00,Yes,None
197,FD_SBM_0015,FBIL_SBM_ZCYC_SEMIANNUAL,"{""525"": """", ""526"": """", ""527"": """", ""528"": """", ""529"": """", ""530"": """", ""531"": """", ""532"": """", ""533"": """", ""534"": """", ""535"": """", ""536"": """", ""537"": """", ""538"": """", ""539"": """", ""540"": """", ""541"": """", ""542"": """", ""543"": """", ""544"": """", ""545"": """", ""546"": """", ""547"": """", ""548"": """", ""549"": """", ""550"": """", ""551"": """", ""552"": """", ""553"": """", ""554"": """", ""555"": """", ""556"": """", ""557"": """", ""558"": """", ""559"": """", ""560"": """", ""561"": """", ""562"": """", ""563"": """", ""564"": """", ""565"": """", ""566"": """", ""567"": """", ""568"": """", ""569"": """", ""570"": """", ""571"": """", ""572"": """", ""573"": """", ""574"": """", ""575"": """", ""576"": """", ""577"": """", ""578"": """", ""579"": """", ""580"": """"}",zero,None,None,nan,None,Linear,Flat,INR,ACT/365,None,None,Semi-Annual,2023-10-30,revolutio_admin2.antarescentral,revolutio_admin2.antarescentral,2024-11-28 12:46:55,2024-11-28 12:46:55,2024-11-28 12:46:55,2099-07-05 05:30:00,Yes,SBM Bank India
198,FD_SBM_017,FBIL_SBM_CD_ANNUAL,"{""637"": """", ""638"": """", ""639"": """", ""640"": """", ""641"": """", ""642"": """", ""643"": """"}",par,None,None,nan,None,Linear,Flat,INR,ACT/365,None,None,Annual,2023-10-30,revolutio_admin2.antarescentral,revolutio_admin2.antarescentral,2024-11-28 12:46:55,2024-11-28 12:46:55,2024-11-28 12:46:55,2099-07-05 05:30:00,Yes,SBM Bank India
199,MIBOR_TERM,INR MIBOR TERM,"{""664"": """", ""665"": """", ""666"": """"}",zero,None,None,nan,None,Linear,Flat,INR,ACT/365,None,None,Annual,2023-01-31,revolutio_admin2.antarescentral,revolutio_admin2.antarescentral,2024-11-28 12:46:55,2024-11-28 12:46:55,2024-11-28 12:46:55,2099-07-05 05:30:00,Yes,SBM Bank India
200,USD_SOFR,USD SOFR RFR,"{""787"": """", ""788"": """", ""789"": """", ""790"": """", ""791"": """", ""792"": """", ""793"": """", ""794"": """", ""795"": """", ""796"": """", ""797"": """", ""798"": """", ""799"": """", ""800"": """", ""801"": """", ""802"": """", ""803"": """", ""804"": """", ""805"": """", ""806"": """", ""807"": """", ""808"": """", ""809"": """", ""810"": """"}",zero,None,None,nan,None,Linear,Flat,USD,ACT/360,None,None,Annual,2016-01-21,revolutio_admin2.antarescentral,revolutio_admin2.antarescentral,2024-11-28 12:46:55,2024-11-28 12:46:55,2024-11-28 12:46:55,2099-07-05 05:30:00,Yes,SBM Bank India
201,AUD_AONIA,AUD AONIA RFR,"{""730"": """", ""731"": """", ""732"": """", ""733"": """", ""734"": """", ""735"": """", ""736"": """", ""737"": """", ""738"": """", ""739"": """", ""740"": """", ""741"": """", ""742"": """", ""743"": """", ""744"": """", ""745"": """", ""746"": """"}",zero,None,None,nan,None,Linear,Flat,None,ACT/365,None,None,Annual,2023-01-31,revolutio_admin2.antarescentral,revolutio_admin2.antarescentral,2024-11-28 12:46:55,2024-11-28 12:46:55,2024-11-28 12:46:55,2099-07-05 05:30:00,Yes,SBM Bank India
202,EUR_STR,EURO STR RFR,"{""759"": """", ""760"": """", ""761"": """", ""762"": """", ""763"": """", ""764"": """", ""765"": """", ""766"": """", ""767"": """", ""768"": """", ""769"": """", ""770"": """", ""771"": """", ""772"": """", ""773"": """", ""774"": """", ""775"": """", ""776"": """", ""777"": """", ""778"": """", ""779"": """", ""780"": """", ""781"": """", ""782"": """", ""783"": """", ""784"": """", ""785"": """", ""786"": """"}",zero,None,None,nan,None,Linear,Flat,EUR,ACT/360,None,None,Annual,2023-01-31,revolutio_admin2.antarescentral,revolutio_admin2.antarescentral,2024-11-28 12:46:55,2024-11-28 12:46:55,2024-11-28 12:46:55,2099-07-05 05:30:00,Yes,SBM Bank India
203,IR_003,INR FRA Curve,"{""30"":"""",""31"":"""",""32"":"""",""33"":"""",""34"":"""",""35"":""""}",par,None,0.25,2.0,0.0,Linear,Flat,INR,ACT/365,Annual,Annual,Continuous,2020-09-27,revolutio_admin2.antarescentral,revolutio_admin2.antarescentral,2024-11-28 12:46:55,2024-11-28 12:46:55,2024-11-28 12:46:55,2099-07-05 05:30:00,Yes,None
204,IR_004,INR MIBOR Swap Curve,"{""36"":"""",""37"":"""",""38"":"""",""39"":"""",""40"":""""}",par,None,0.25,2.0,0.0,Linear,Flat,INR,ACT/365,Annual,Annual,Continuous,2020-09-27,revolutio_admin2.antarescentral,revolutio_admin2.antarescentral,2024-11-28 12:46:55,2024-11-28 12:46:55,2024-11-28 12:46:55,2099-07-05 05:30:00,Yes,None
205,IR_005,INR MIBOR,"{""41"":"""",""42"":"""",""43"":"""",""327"":"""",""328"":""""}",par,None,0.25,2.0,0.0,Linear,Flat,INR,ACT/365,Annual,Annual,Continuous,2020-09-27,revolutio_admin2.antarescentral,revolutio_admin2.antarescentral,2024-11-28 12:46:55,2024-11-28 12:46:55,2024-11-28 12:46:55,2099-07-05 05:30:00,Yes,None
206,IRZOXIWSA002,USD LIBOR Zero Curve,"{""673"":"""",""674"":"""",""675"":"""",""676"":"""",""677"":"""",""678"":"""",""679"":"""",""680"":"""",""681"":"""",""682"":"""",""683"":"""",""684"":"""",""685"":"""",""686"":"""",""687"":"""",""688"":"""",""689"":"""",""690"":"""",""691"":"""",""692"":"""",""693"":"""",""694"":"""",""695"":"""",""696"":"""",""697"":""""}",zero,None,0.0,0.0,None,Linear,Flat,USD,ACT/365,None,None,continously,2020-12-09,revolutio_admin2.antarescentral,revolutio_admin2.antarescentral,2024-11-28 12:46:55,2024-11-28 12:46:55,2024-11-28 12:46:55,2099-07-05 05:30:00,Yes,None
207,CCIL_ZCYC,CCIL ZCYC,"{""994"":"""",""995"":"""",""996"":"""",""997"":"""",""998"":"""",""999"":"""",""1000"":"""",""1001"":""""}",zero,None,0.0,0.0,None,Linear,Flat,INR,ACT/365,None,None,None,2020-12-23,revolutio_admin2.antarescentral,revolutio_admin2.antarescentral,2024-11-28 12:46:55,2024-11-28 12:46:55,2024-11-28 12:46:55,2099-07-05 05:30:00,Yes,None
208,CASA_Curve,CASA_Curve,"{""1010"":"""",""1011"":"""",""1012"":"""",""1013"":"""",""1014"":"""",""1015"":""""}",par,None,0.0,0.0,None,Linear,Flat,INR,ACT/365,None,None,None,2020-09-27,revolutio_admin2.antarescentral,revolutio_admin2.antarescentral,2024-11-28 12:46:55,2024-11-28 12:46:55,2024-11-28 12:46:55,2099-07-05 05:30:00,Yes,None
209,AGSEC_01,GSEC Curve,"{""9"": """", ""10"": """", ""11"": """", ""12"": """", ""1391"": """", ""1392"": """"}",par,None,0.0,0.0,None,Linear,Flat,INR,Act/365,None,None,None,2020-09-27,revolutio_admin2.antarescentral,revolutio_admin2.antarescentral,2024-11-28 12:46:55,2024-11-28 12:46:55,2024-11-28 12:46:55,2099-07-05 05:30:00,Yes,None
210,CAGSEC,Custom Average GSEC Curve,"{""1409"": """", ""1410"": """", ""1411"": """", ""1412"": """", ""1413"": """"}",par,None,0.0,0.0,None,Linear,Flat,None,ACT/365,None,None,None,2022-12-31,revolutio_admin2.antarescentral,revolutio_admin2.antarescentral,2024-11-28 12:46:55,2024-11-28 12:46:55,2024-11-28 12:46:55,2099-07-05 05:30:00,Yes,None
211,FD_Curve_001,Fixed Term Deposit Curve - Ujjivan,"{""1494"":"""",""1495"":"""",""1496"":"""",""1497"":"""",""1498"":"""",""1499"":"""",""1500"":"""",""1501"":"""",""1502"":"""",""1503"":"""",""1504"":"""",""1505"":"""",""1506"":""""}",par,None,0.0,nan,None,Linear,Flat,INR,ACT/365,None,None,Annual,2014-06-06,revolutio_admin2.antarescentral,revolutio_admin2.antarescentral,2024-11-28 12:46:55,2024-11-28 12:46:55,2024-11-28 12:46:55,2099-07-05 05:30:00,Yes,None
212,FBIL Par Annual,FBIL Par Annual,"{""365"":"""",""366"":"""",""367"":"""",""368"":"""",""369"":"""",""370"":"""",""371"":"""",""372"":"""",""373"":"""",""374"":"""",""375"":"""",""376"":"""",""377"":"""",""378"":"""",""379"":"""",""380"":"""",""381"":"""",""382"":"""",""383"":"""",""384"":"""",""385"":"""",""386"":"""",""387"":"""",""388"":"""",""389"":"""",""390"":"""",""391"":"""",""392"":"""",""393"":"""",""394"":"""",""395"":"""",""396"":"""",""397"":"""",""398"":"""",""399"":"""",""400"":"""",""401"":"""",""402"":"""",""403"":"""",""404"":"""",""405"":"""",""406"":"""",""407"":"""",""408"":"""",""409"":"""",""410"":"""",""411"":"""",""412"":"""",""413"":"""",""414"":"""",""415"":"""",""416"":"""",""417"":"""",""418"":"""",""419"":"""",""420"":"""",""421"":"""",""422"":"""",""423"":"""",""424"":"""",""425"":"""",""426"":"""",""427"":"""",""428"":"""",""429"":"""",""430"":"""",""431"":"""",""432"":"""",""433"":"""",""434"":"""",""435"":"""",""436"":"""",""437"":"""",""438"":"""",""439"":"""",""440"":"""",""441"":"""",""442"":"""",""443"":"""",""444"":"""",""445"":"""",""446"":"""",""447"":"""",""448"":"""",""449"":"""",""450"":"""",""451"":"""",""452"":"""",""453"":"""",""454"":"""",""455"":"""",""456"":"""",""457"":"""",""458"":"""",""459"":"""",""460"":"""",""461"":"""",""462"":"""",""463"":"""",""464"":"""",""465"":"""",""466"":"""",""467"":"""",""468"":"""",""469"":"""",""470"":"""",""471"":"""",""472"":"""",""473"":"""",""474"":"""",""475"":"""",""476"":"""",""477"":"""",""478"":"""",""479"":"""",""480"":"""",""481"":"""",""482"":"""",""483"":"""",""484"":"""",""485"":"""",""486"":"""",""487"":"""",""488"":"""",""489"":"""",""490"":"""",""491"":"""",""492"":"""",""493"":"""",""494"":"""",""495"":"""",""496"":"""",""497"":"""",""498"":"""",""499"":"""",""500"":"""",""501"":"""",""502"":"""",""503"":"""",""504"":"""",""505"":"""",""506"":"""",""507"":"""",""508"":"""",""509"":"""",""510"":"""",""511"":"""",""512"":"""",""513"":"""",""514"":"""",""515"":"""",""516"":"""",""517"":"""",""518"":"""",""519"":"""",""520"":"""",""521"":"""",""522"":"""",""523"":"""",""524"":""""}",par,None,None,nan,None,Linear,Flat,None,ACT/365,None,None,None,2012-08-30,revolutio_admin2.antarescentral,revolutio_admin2.antarescentral,2024-11-28 12:46:55,2024-11-28 12:46:55,2024-11-28 12:46:55,2099-07-05 05:30:00,Yes,None
213,FBIL CD,FBIL CD,"{""637"": """", ""638"": """", ""639"": """", ""640"": """", ""641"": """", ""642"": """", ""643"": """"}",par,None,None,nan,None,Linear,Flat,None,ACT/365,None,None,None,2014-09-17,revolutio_admin2.antarescentral,revolutio_admin2.antarescentral,2024-11-28 12:46:55,2024-11-28 12:46:55,2024-11-28 12:46:55,2099-07-05 05:30:00,Yes,None
214,INR MIBOR Overnight,INR MIBOR Overnight,"{""1507"": """"}",par,None,None,nan,None,Linear,Flat,None,ACT/365,None,None,None,2014-10-09,revolutio_admin2.antarescentral,revolutio_admin2.antarescentral,2024-11-28 12:46:55,2024-11-28 12:46:55,2024-11-28 12:46:55,2099-07-05 05:30:00,Yes,Ujjivan Small Finance Bank
215,FBIL TB,FBIL TB,"{""1611"":"""",""1612"":"""",""1613"":"""",""1614"":"""",""1615"":"""",""1616"":"""",""1617"":"""",""1618"":"""",""1619"":"""",""1620"":"""",""1621"":"""",""1622"":"""",""1623"":"""",""1624"":""""}",par,None,None,nan,None,Linear,Flat,None,ACT/365,None,None,None,2015-10-08,revolutio_admin2.antarescentral,revolutio_admin2.antarescentral,2024-11-28 12:46:55,2024-11-28 12:46:55,2024-11-28 12:46:55,2099-07-05 05:30:00,Yes,None
216,FIMMDA_ZCYC,FIMMDA_ZCYC,"{""1837"": """", ""1838"": """", ""1839"": """", ""1840"": """", ""1841"": """", ""1842"": """", ""1843"": """", ""1844"": """", ""1845"": """", ""1846"": """", ""1847"": """", ""1848"": """", ""1849"": """", ""1850"": """", ""1851"": """", ""1852"": """", ""1853"": """", ""1854"": """", ""1855"": """", ""1856"": """", ""1857"": """", ""1858"": """", ""1859"": """", ""1860"": """", ""1861"": """", ""1862"": """", ""1863"": """", ""1864"": """", ""1865"": """", ""1866"": """", ""1867"": """", ""1868"": """", ""1869"": """", ""1870"": """", ""1871"": """", ""1872"": """", ""1873"": """", ""1874"": """", ""1875"": """", ""1876"": """", ""1877"": """", ""1878"": """", ""1879"": """", ""1880"": """", ""1881"": """", ""1882"": """", ""1883"": """", ""1884"": """", ""1885"": """", ""1886"": """", ""1887"": """", ""1888"": """", ""1889"": """", ""1890"": """", ""1891"": """", ""1892"": """", ""1893"": """", ""1894"": """", ""1895"": """", ""1896"": """", ""1897"": """", ""1898"": """", ""1899"": """", ""1900"": """", ""1901"": """", ""1902"": """", ""1903"": """", ""1904"": """", ""1905"": """", ""1906"": """", ""1907"": """", ""1908"": """", ""1909"": """", ""1910"": """", ""1911"": """", ""1912"": """", ""1913"": """", ""1914"": """", ""1915"": """", ""1916"": """", ""1917"": """", ""1918"": """", ""1919"": """", ""1920"": """", ""1921"": """", ""1922"": """", ""1923"": """", ""1924"": """", ""1925"": """", ""1926"": """", ""1927"": """", ""1928"": """", ""1929"": """", ""1930"": """", ""1931"": """", ""1932"": """", ""1933"": """", ""1934"": """", ""1935"": """", ""1936"": """", ""1937"": """", ""1938"": """", ""1939"": """", ""1940"": """", ""1941"": """", ""1942"": """", ""1943"": """", ""1944"": """", ""1945"": """", ""1946"": """", ""1947"": """", ""1948"": """", ""1949"": """", ""1950"": """", ""1951"": """", ""1952"": """", ""1953"": """", ""1954"": """", ""1955"": """", ""1956"": """", ""1957"": """", ""1958"": """", ""1959"": """", ""1960"": """", ""1961"": """", ""1962"": """", ""1963"": """", ""1964"": """", ""1965"": """", ""1966"": """", ""1967"": """", ""1968"": """", ""1969"": """", ""1970"": """", ""1971"": """", ""1972"": """", ""1973"": """", ""1974"": """", ""1975"": """", ""1976"": """", ""1977"": """", ""1978"": """", ""1979"": """", ""1980"": """", ""1981"": """", ""1982"": """", ""1983"": """", ""1984"": """", ""1985"": """", ""1986"": """", ""1987"": """", ""1988"": """", ""1989"": """", ""1990"": """", ""1991"": """", ""1992"": """", ""1993"": """", ""1994"": """", ""1995"": """", ""1996"": """"}",par,None,None,nan,None,Linear,Flat,None,ACT/365,None,None,None,2015-10-01,revolutio_admin2.antarescentral,revolutio_admin2.antarescentral,2024-11-28 12:46:55,2024-11-28 12:46:55,2024-11-28 12:46:55,2099-07-05 05:30:00,Yes,None
217,FD_Curve_002_test,Fixed Term Deposit Curve - Suryoday,None,zero,None,None,nan,None,Linear,Flat,INR,ACT/365,None,None,None,2023-08-31,revolutio_admin2.antarescentral,revolutio_admin2.antarescentral,2024-11-28 12:46:55,2024-11-28 12:46:55,2024-11-28 12:46:55,2099-07-05 05:30:00,Yes,Suryoday Small Finance Bank
218,FD_Curve_002,Fixed Term Deposit Curve - Suryoday,"{""2023"": """", ""2024"": """", ""2025"": """", ""2026"": """", ""2027"": """", ""2028"": """", ""2029"": """", ""2030"": """", ""2031"": """", ""2032"": """", ""2033"": """", ""2034"": """", ""2035"": """", ""2036"": """", ""2037"": """", ""2038"": """", ""2039"": """", ""2040"": """", ""2041"": """", ""2042"": """", ""2043"": """", ""2044"": """", ""2045"": """", ""2046"": """", ""2047"": """", ""2048"": """"}",zero,None,None,nan,None,Linear,Flat,INR,ACT/365,None,None,Annual,2023-08-31,revolutio_admin2.antarescentral,revolutio_admin2.antarescentral,2024-11-28 12:46:55,2024-11-28 12:46:55,2024-11-28 12:46:55,2099-07-05 05:30:00,Yes,Suryoday Small Finance Bank
219,CD_Curve_001,Certificate of Deposits - Suryoday,"{""637"": """", ""638"": """", ""639"": """", ""640"": """", ""641"": """", ""642"": """", ""643"": """"}",zero,None,None,nan,None,Linear,Flat,INR,ACT/365,None,None,Annual,2023-08-31,revolutio_admin2.antarescentral,revolutio_admin2.antarescentral,2024-11-28 12:46:55,2024-11-28 12:46:55,2024-11-28 12:46:55,2099-07-05 05:30:00,Yes,Suryoday Small Finance Bank
